ID,Date,Time
1,2025-12-25,18:10:46
1,2025-12-27,10:39:54
403,2025-12-27,10:42:21
435,2025-12-27,10:42:57
1,2026-01-03,17:50:44
1,2026-01-03,17:50:45
1,2026-01-03,17:50:45
1,2026-01-03,17:50:45
1,2026-01-03,17:50:46
1,2026-01-03,17:50:46
1,2026-01-03,17:50:47
1,2026-01-03,17:50:47
1,2026-01-03,17:50:47
1,2026-01-03,17:50:48
1,2026-01-03,17:50:48
1,2026-01-03,17:50:49
1,2026-01-03,17:50:49
1,2026-01-03,17:50:49
1,2026-01-03,17:50:50
1,2026-01-03,17:50:50
1,2026-01-03,17:50:51
1,2026-01-03,17:50:51
1,2026-01-03,17:50:52
1,2026-01-03,17:50:52
1,2026-01-03,17:50:52
1,2026-01-03,17:50:53
1,2026-01-03,17:50:53
1,2026-01-03,17:50:54
1,2026-01-03,17:50:54
1,2026-01-03,17:50:55
1,2026-01-03,17:50:55
1,2026-01-03,17:50:56
